{
    "Estados Unidos":[-98.5795,39.8283],
    "EE. UU.":[-98.5795,39.8283],
    "Puerto Rico":[-66.5901,18.2208],
    "España":[-3.7492,40.4637],
    "Francia":[2.2137,46.2276],
    "Alemania":[10.4515,51.1657],
    "Italia":[12.5674,41.8719],
    "Países Bajos":[5.2913,52.1326],
    "Reino Unido":[-3.435973,55.378051],
    "Portugal":[-8.2245,39.3999],
    "China":[104.1954,35.8617],
    "India":[78.9629,20.5937],
    "Japón":[138.2529,36.2048],
    "Corea del Sur":[127.7669,35.9078],
    "Singapur":[103.8198,1.3521],
    "Tailandia":[100.9925,15.8700],
    "Vietnam":[108.2772,14.0583],
    "Filipinas":[121.7740,12.8797],
    "Malasia":[101.9758,4.2105],
    "Indonesia":[113.9213,-0.7893],
    "Australia":[133.7751,-25.2744],
    "Nueva Zelanda":[174.8860,-40.9006],
    "Brasil":[-51.9253,-14.2350],
    "Argentina":[-63.6167,-38.4161],
    "Chile":[-71.5429,-35.6751],
    "Colombia":[-74.2973,4.5709],
    "Perú":[-75.0152,-9.1899],
    "Ecuador":[-78.1834,-1.8312],
    "Uruguay":[-55.7658,-32.5228],
    "Paraguay":[-58.4438,-23.4425],
    "Bolivia":[-63.5887,-16.2902],
    "Venezuela":[-66.5897,6.4238],
    "México":[-102.5528,23.6345],
    "Guatemala":[-90.2308,15.7835],
    "Honduras":[-86.2419,15.1999],
    "Nicaragua":[-85.2072,12.8654],
    "Panamá":[-80.7821,8.5380],
    "Costa Rica":[-83.7534,9.7489],
    "El Salvador":[-88.8965,13.7942],
    "República Dominicana":[-70.1627,18.7357],
    "Cuba":[-77.7812,21.5218],
    "Jamaica":[-77.2975,18.1096],
    "Trinidad y Tobago":[-61.2225,10.6918],
    "Marruecos":[-7.0926,31.7917],
    "Egipto":[30.8025,26.8206],
    "Nigeria":[8.6753,9.0820],
    "SudAfrica":[22.9375,-30.5595],
    "Turquía":[35.9637,39.2433],
    "Mongolia":[103.8467,46.8625],
    "República Democrática del Congo":[23.654, -2.981],
    "Senegal":[-14.4524,14.4974],
    "Angola":[17.8739,-11.2027],
    "Sudán":[30.2176,12.8628],
    "Somalia":[45.0792,5.1521],
    "Costa de Marfil":[-5.5471,7.5400],
    "Suecia":[18.6435,60.1282],
    "Austria":[14.5501,47.5162],
    "Canada":[-106.3468,56.1304],
    "Madagascar":[46.8691,-18.7669],
    "Argelia":[1.6596,28.0339],
    "Liberia":[-9.4295,6.4281],
    "Zambia":[27.8493,-13.1339],
    "Níger":[8.0817,17.6078],
    "Mozambique":[35.5296,-18.6657],
    "Tanzania":[34.8888,-6.3690],
    "Ruanda":[29.8739,-1.9403],
    "Israel":[34.8516,31.0461],
    "Bangladés":[90.3563,23.6850],
    "Irak":[43.6793,33.2232],
    "Arabia Saudí":[45.0792,23.8859],
    "Kazajistán":[66.9237,48.0196],
    "Irán":[53.6880,32.4279],
    "Myanmar (Birmania)":[95.9560,21.9162],
    "Uzbekistán":[64.5853,41.3775],
    "Benín":[2.3158,9.3077],
    "Camerún":[12.3547,7.3697],
    "Kenia":[37.9062,-0.0236],
    "Togo":[0.8248,8.6195],
    "Ucrania":[31.1656,48.3794],
    "Polonia":[19.1451,51.9194],
    "Rumania":[24.9668,45.9432],
    "Afganistán":[67.7100,33.9391],
    "Pakistán":[69.3451,30.3753],
    "Finlandia":[25.7482,61.9241],
    "Rusia":[105.3188,61.5240],
    "Irlanda":[-8.2439,53.4129],
    "Noruega":[8.4689,60.4720],
    "Eslovaquia":[19.6990,48.6690],
    "Bélgica":[4.4699,50.5039],
    "Yemen":[48.5164,15.5527],
    "Ghana":[-1.0232,7.9465],
    "Guinea":[-9.6966,9.9456],
    "Etiopía":[40.4897,9.1450],
    "Bulgaria":[25.4858,42.7339],
    "Kirguistán":[74.7661,41.2044],
    "Georgia":[43.3569,42.3154],
    "Nepal":[84.1240,28.3949],
    "Emiratos Árabes Unidos":[53.8478,23.4241],
    "Camboya":[104.9910,12.5657],
    "Uganda":[32.2903,1.3733],
    "Lesoto":[28.2336,-29.6099],
    "Lituania":[23.8813,55.1694],
    "Suiza":[8.2275,46.8182],
    "Hungría":[19.5033,47.1625],
    "Dinamarca":[9.5018,56.2639],
    "Haití":[-72.2852,18.9712],
    "Bielorrusia":[27.9534,53.7098],
    "Croacia":[15.2000,45.1000],
    "Laos":[102.4955,19.8563],
    "Baréin":[50.5577,26.0667],
    "Macedonia":[21.7453,41.6086],
    "República Checa":[15.4730,49.8175],
    "Sri Lanka":[80.7718,7.8731],
    "Zimbabue":[29.1549,-19.0154],
    "Eritrea":[39.7823,15.1794],
    "Burkina Faso":[-1.5616,12.2383],
    "Libia":[17.2283,26.3351],
    "Barbados":[-59.5432,13.1939],
    "Tayikistán":[71.2761,38.8610],
    "Siria":[38.9968,34.8021],
    "Papúa Nueva Guinea":[143.9555,-6.3149],
    "Azerbaiyán":[47.5769,40.1431],
    "Turkmenistán":[59.5563,38.9697],
    "Jordania":[36.2384,30.5852],
    "Hong Kong":[114.1694,22.3193],
    "Moldavia":[28.3699,47.4116],
    "Qatar":[51.1839,25.3548],
    "Mali":[-3.9962,17.5707],
    "Albania":[20.1683,41.1533],
    "República del Congo":[15.8277,-0.2280],
    "Bosnia y Herzegovina":[17.6791,43.9159],
    "Omán":[55.9233,21.5126],
    "Túnez":[9.5375,33.8869],
    "Sierra Leona":[-11.7799,8.4606],
    "Yibuti":[42.5903,11.8251],
    "Burundi":[29.9189,-3.3731],
    "Montenegro":[19.3744,42.7087],
    "Gabón":[11.6094,-0.8037],
    "Sudán del Sur":[31.3069,6.8770],
    "Luxemburgo":[6.1296,49.8153],
    "Namibia":[18.4904,-22.9576],
    "Mauritania":[-10.9408,21.0079],
    "Grecia":[21.8243,39.0742],
    "Guyana":[-58.9302,4.8604],
    "Surinam":[-56.0278,3.9193],
    "Belice":[-88.4976,17.1899],
    "Eslovenia":[14.9955,46.1512],
    "Botsuana":[24.6849,-22.3285],
    "Armenia":[45.0382,40.0691],
    "Guinea Ecuatorial":[10.2679,1.6508],
    "Kuwait":[47.4818,29.3117],
    "Bután":[90.4336,27.5142],
    "Chad":[18.7322,15.4542],
    "Serbia":[20.7896,44.0165]
}